epoch,train_reconst_mse,test_reconst_mse
1,0.03857785702816077,0.010216378374025226
2,0.023766744366314794,0.01322709018131718
3,0.02567508178097861,0.01444496784824878
4,0.01415418416062104,0.00527286647411529
5,0.02051882063304739,0.004339254039223306
6,0.011974570416246671,0.003989353761426173
7,0.015438372909557073,0.013904512685257941
8,0.011052424927973854,0.0070347003056667745
9,0.016278137768884853,0.005552636765060015
10,0.014011315785215368,0.011520109517732635
11,0.013185884653856712,0.0036826181749347597
12,0.013860958212587449,0.0057679772726260126
13,0.013289070621665035,0.00558704967261292
14,0.012221872764972169,0.0048173317045439035
15,0.008251664602929459,0.003915161214536056
16,0.013025413940860223,0.004097978555364534
17,0.011280391635539542,0.004083443171111867
18,0.015455389703025242,0.003760663021239452
19,0.010511534920494472,0.005654941996908747
20,0.009563901769329926,0.0033584609773242846
21,0.00803586800715753,0.003622565374826081
22,0.012900192589898194,0.004523882860667072
23,0.017291048308834434,0.003648836849606596
24,0.014905830861867536,0.004831096084672026
25,0.011747024213296495,0.003854346097796224
26,0.013194950896182231,0.003739401261555031
27,0.010724849882535636,0.002976919335196726
28,0.008672822724162999,0.002970021370856557
29,0.010768876144928592,0.004456640584976412
30,0.010775333336953605,0.003410636752960272
31,0.010131558403372765,0.0033204244246007875
32,0.012057936484260219,0.005993471742840484
33,0.010466017810228679,0.0035012073785765097
34,0.006624362768239474,0.0030596049764426425
35,0.010448244454372408,0.003561230900231749
36,0.008854619701326425,0.0029964875502628274
37,0.010391555393912962,0.003318802744615823
38,0.008020437987787383,0.0037743883149232715
39,0.010753412913930203,0.0030389174353331327
40,0.01123434046166949,0.0034111053973902017
41,0.008853850038056927,0.003901633885107003
42,0.007953852814223084,0.0034771525097312406
43,0.008347027020395865,0.003931124942027964
44,0.009156080037688037,0.0029970756004331633
45,0.011596572735080761,0.006072285526897758
46,0.009838634569730076,0.0038484396209241822
47,0.009307396065975939,0.003076784239965491
48,0.009159554694113987,0.003737922292202711
49,0.009117197577974625,0.003363267154782079
50,0.00793628698946642,0.0030501521978294477
51,0.008083864077759373,0.0032700812444090843
52,0.009517670151711042,0.0040242617833428085
53,0.009563653023048704,0.0031159068166743964
54,0.01045756260698129,0.0037663689872715622
55,0.008171311733479212,0.004419759803568013
56,0.007741160665838315,0.0030729090940440074
57,0.010476551226539803,0.0080947685346473
58,0.009992876397778412,0.0032180832204176113
59,0.008335734950378535,0.003418361331569031
60,0.011539817924910625,0.0031440126040251926
61,0.00774982409036186,0.003476944242720492
62,0.009202854924036986,0.0032594094082014635
63,0.010993449790735861,0.0030810252210358158
64,0.00802370234824983,0.003621387790190056
65,0.009899236369944575,0.0026360364645370282
66,0.00793035893834063,0.0032365520164603367
67,0.005865113493720335,0.0028667049627983943
68,0.009908042623594935,0.002769599908788223
69,0.0085958483396098,0.0035170416958862916
70,0.011056855886376329,0.003001837438205257
71,0.010871234682521649,0.002865917071176227
72,0.010332645698716596,0.003372125400346704
73,0.010066088812891396,0.006277502659941092
74,0.011902864681490297,0.007326788268983364
75,0.011180559792722176,0.006482895172666758
76,0.010044710901898464,0.005143811460584402
77,0.01221889057861907,0.0027607994925347157
78,0.011326602947000147,0.0031681172404205427
79,0.0076458999787324235,0.002992466943396721
80,0.007834422942583581,0.0028644040939980187
81,0.007597919283268441,0.00301336104166694
82,0.010594228714970604,0.0029630839271703735
83,0.008790302980092486,0.003149450203636661
84,0.007076667991766174,0.0032984109566314146
85,0.006329289512775306,0.0033530700457049534
86,0.00833378723057519,0.0029002389856032096
87,0.006927594076842068,0.004328763534431346
88,0.012436091974710248,0.003690952420583926
89,0.012774215088159378,0.0031339875131379813
90,0.010539575687809182,0.0032878647471079603
91,0.008769711163560194,0.002958344033686444
92,0.00852551242236846,0.0029556174849858508
93,0.00968106696382165,0.0029311199905350804
94,0.010135660816948595,0.003934947453672066
95,0.007095074938011489,0.0029700785962631926
96,0.006838785043718027,0.0028543430744321086
97,0.010300294849522678,0.0032635168900014833
98,0.009260498652500766,0.006741128076100722
99,0.013247098411998844,0.0038585124420933425
100,0.010742848472935813,0.00373353082977701
101,0.011892642642903541,0.002869419680791907
102,0.00793356934030141,0.0028377755152177997
103,0.008365149626375308,0.0032594616059213877
104,0.007435648294631392,0.0032461886876262724
105,0.01037471941838573,0.0029542298143496737
106,0.009797162991682333,0.002949646004708484
107,0.010684463528117963,0.0031262449047062546
108,0.008817929009507808,0.0041175030783051625
109,0.007157691795977629,0.0030865751759847626
110,0.007097859999963215,0.0030360298696905375
111,0.006759491616061755,0.0027660891064442694
112,0.007815444991657776,0.003913953478331678
113,0.0071746764588169745,0.007305361010367051
114,0.0081425980190813,0.005291679903166369
115,0.009748491130137283,0.004359802711405791
116,0.009457466259066547,0.0028022462647641078
117,0.010622890551790729,0.0038366430235328153
118,0.008512730003401104,0.0036290686548454687
119,0.009231803930431071,0.002983447222504765
120,0.011591820665801474,0.0032372565037803724
121,0.008210735624223682,0.0032685392652638257
122,0.006820213723195982,0.0027305671537760645
123,0.008148674287700228,0.003141842331388034
124,0.008766319220220404,0.0050938159838551655
125,0.01074467905813695,0.003922251009498723
126,0.00986038676429806,0.003823393883067183
127,0.008840503391443886,0.006246470438782126
128,0.010149645901817295,0.00555188582802657
129,0.00888928078347817,0.004056182253407314
130,0.008241302450187504,0.00448655204672832
131,0.006723030341423249,0.00359129517164547
132,0.010584538353474013,0.006861032423330471
133,0.013453031707155914,0.009870766807580367
134,0.011886418514352824,0.004875168393482454
135,0.00916082242786485,0.006491887615993619
136,0.008813318971078841,0.003831670430372469
137,0.006631118810868688,0.002432782872347161
138,0.00609073818278765,0.003192449454218149
139,0.008438663307710417,0.002989680870086886
140,0.006322591465764812,0.002633094241900835
141,0.010646078623332349,0.0025583302922314033
142,0.007898344841253544,0.003214381940779276
143,0.010024038197505953,0.0029799016265315004
144,0.009436004720295646,0.0029480127268470824
145,0.008890076939548764,0.0031189748842734843
146,0.00635219710030859,0.0027569267185754143
147,0.01056321379811769,0.0033235803130082786
148,0.007651117372526122,0.0032997746457112953
149,0.009294747857243886,0.0030839704122627154
150,0.007457818835973739,0.002952634677058086
151,0.006406262932744409,0.003093936320510693
152,0.009686528821475802,0.0029583216091850773
153,0.010060351641316499,0.0032131660263985395
154,0.007529749052732119,0.0035811972338706255
155,0.00840538555972411,0.004374263851786964
156,0.0066225723546397474,0.007752928970148787
157,0.010560200815754277,0.0042620327294571325
158,0.007388435790614624,0.0030730079306522384
159,0.008979677522022809,0.0026833993397303857
160,0.011613848585901516,0.004269760771421716
161,0.010506178593329552,0.004357191399321891
162,0.00962528960995509,0.003184559740475379
163,0.008619461882127713,0.0031264500139513984
164,0.0077243368681852815,0.003553310758434236
165,0.0092698183309819,0.003384460025699809
166,0.007957341033034027,0.003222025974537246
167,0.006669946152084905,0.0027833242347696796
168,0.006636487789884476,0.0030553227043128572
169,0.008024489748225148,0.0029432602459564805
170,0.013864299049600955,0.003391065023606643
171,0.009291824626935912,0.003102868577116169
172,0.00696680974631038,0.0030612341361120343
173,0.010009653350737478,0.003084992611547932
174,0.011538130613709133,0.0031267451704479754
175,0.007859864255546458,0.0029896523701609112
176,0.011819670841630015,0.0031017635337775573
177,0.008759139338508248,0.003315962414490059
178,0.010648264549672602,0.0036462589632719755
179,0.007964239592963298,0.0025095657765632495
180,0.010040376085921057,0.002765763783827424
181,0.006917473760300449,0.003474240002105944
182,0.00809469526367528,0.003483766020508483
183,0.008633485762402415,0.0029156022501410916
184,0.009261864079495094,0.002960195553896483
185,0.00896767616671111,0.003051409999898169
186,0.00876062170469335,0.0031196538257063366
187,0.005269326943172408,0.0029867356715840288
188,0.009206389605034407,0.0029654180398210883
189,0.0074765119102916545,0.0026254333861288615
190,0.005556449975951442,0.002898614991863724
191,0.005264093521483508,0.0026416551845613867
192,0.007983513708625519,0.0029276967543410137
193,0.006921947542910596,0.0036772747844224796
194,0.005771136950767998,0.0027099681174149737
195,0.009496589528030848,0.0026356317321187817
196,0.007896334614737757,0.002796546097670216
197,0.00962427046449323,0.0031937439925968647
198,0.007121206760140401,0.002848466276191175
199,0.007059098204730877,0.002556070110586006
200,0.007672412778317396,0.0028475295257521793
201,0.007517533884051123,0.00283453990414273
202,0.00842695151472331,0.0029314967323443852
203,0.010619676089845596,0.0036654207651736215
204,0.009336002611754728,0.003250668291002512
205,0.010418926116212137,0.002805514624924399
206,0.010417197731190493,0.0029945847709313966
207,0.0068922504932353535,0.003574084650608711
208,0.009860857847213213,0.003321934738778509
209,0.010881428407239062,0.005167440511286259
210,0.008945491996460728,0.003987923832028173
211,0.006977198595580245,0.0026550770198809914
212,0.00904751119586373,0.00282845577748958
213,0.0070599488681182265,0.003947074103052728
214,0.00834688575871821,0.002624922650284134
215,0.012172933642952037,0.0030739283247385174
216,0.010232376267335246,0.0026590236520860344
217,0.007809139804781547,0.0060941739939153194
218,0.009098999834220325,0.0038103619153844193
219,0.00827964420230793,0.003511142887873575
220,0.010241991981664405,0.004423902879352681
221,0.008641145799109446,0.00283664161543129
222,0.008244061476684042,0.0034167255071224645
223,0.008821450548046934,0.002978253789478913
224,0.010523607131160262,0.0028846173008787446
225,0.010728493881677941,0.0047493066667811945
226,0.01019901260899912,0.006001615663990378
227,0.011728708233152117,0.006046473630703986
228,0.011078606642383549,0.004512189261731692
229,0.006967440280797226,0.005068500817287713
230,0.007650960968541247,0.0028910838154843077
231,0.00782233626731405,0.0028938557079527527
232,0.005781918656014438,0.0025773007509997115
233,0.008000604708545973,0.002848536620149389
234,0.009552706935210153,0.0024998048756970093
235,0.0061616160382982335,0.0024996977153932676
236,0.005989699599532677,0.002693345188163221
237,0.006378349103865081,0.0034641354286577553
238,0.008039118061008464,0.002657682438439224
239,0.006867119476997426,0.003036824709852226
240,0.007098877602922065,0.0026677938003558666
241,0.007245574046724608,0.0026289380839443766
242,0.009232116534674008,0.00335544376866892
243,0.008367887016252748,0.004417720730998553
244,0.012796813896524584,0.004339525155955926
245,0.00892145755434675,0.0035777632729150355
246,0.009764386141406638,0.0051901338883908466
247,0.010203431327162043,0.005020384196541272
248,0.00911259025035958,0.0032790039986139163
249,0.00906303388598774,0.004193907749140635
250,0.011622810445260257,0.0064827268943190575
251,0.009113248707892905,0.003341883435496129
252,0.008104426960926501,0.0028915058137499727
253,0.008427599561400713,0.0025550754508003592
254,0.010324592573202349,0.004086050728801638
255,0.008848074856879455,0.002942243081633933
256,0.006815967362074713,0.0027133177281939425
257,0.008344165814508284,0.0029902157693868503
258,0.008059578390592443,0.003022339900780935
259,0.008309633130141134,0.0030396515649044886
260,0.009493307784266238,0.0026572542847134173
261,0.007688156329095363,0.002865335511160083
262,0.011233397892543247,0.0037426690250867978
263,0.00857225141953677,0.002915250115620438
264,0.008532118717474595,0.002844897324393969
265,0.008296516856976917,0.0030656927992822602
266,0.007399241065806043,0.0032565006549702957
267,0.009496857611728566,0.004578672465868294
268,0.008075737593961614,0.003447702882112935
269,0.007146937889046966,0.002645901055075228
270,0.007123824009405714,0.002649288799148053
271,0.008411572323114212,0.003323259297758341
272,0.00704743671563587,0.002594876816147007
273,0.01119250089478945,0.0029194742237450555
274,0.007383972497856509,0.0033311149309156463
275,0.00796209106088749,0.0031405307236127555
276,0.008092541912836688,0.0023838603010517545
277,0.006352137358460044,0.002927742272731848
278,0.0071864146115590945,0.0035582767595769837
279,0.009087326470762491,0.002996886156324763
280,0.009584189043380318,0.003535623734933324
281,0.008172465330322407,0.005709293051040731
282,0.011726024136545936,0.0031648405420128256
283,0.007793489627407066,0.0027617062733042985
284,0.00716570420523307,0.002564166010415647
285,0.010352015898596228,0.003334976499900222
286,0.009078567648040397,0.0025666479268693365
287,0.010952640657446213,0.003530070694978349
288,0.009851931602627569,0.0035890345025109127
289,0.009392177237064711,0.0053280973370419815
290,0.007573170662258885,0.0028295155861997046
291,0.013067768687116248,0.0035468316491460428
292,0.007730174044679318,0.0027565045675146393
293,0.008901063153254134,0.002819737776007969
294,0.007252502188618692,0.003601642049034126
295,0.009460865927394478,0.00307973894814495
296,0.006932328455150127,0.0035958243970526382
297,0.007952896221208252,0.004498723035794683
298,0.010924325528321788,0.008112283714581281
299,0.010350101261532732,0.00407863111468032
300,0.009515695880898938,0.003929172875359654
301,0.008139435260090975,0.0031025943317217752
302,0.009374573697901461,0.0030311779846670106
303,0.005568737505070333,0.002919976584962569
304,0.00799892102700791,0.002873960562283173
305,0.0073120519685159835,0.0029526671714847907
306,0.00792199739953503,0.0037070840917294845
307,0.010910677956417203,0.0029193094233050942
308,0.007107736368197946,0.0029131434566807
309,0.007570851802094174,0.0026046909915748984
310,0.005357656503162746,0.0027195419897907414
311,0.00640517407113553,0.003359521462698467
312,0.007972262176086327,0.004296533981687389
313,0.007226578500454447,0.004041117586893961
314,0.008477589423169514,0.002608400543977041
315,0.006753829682046281,0.0028682953052339144
316,0.007367726569230268,0.0027896211395272985
317,0.008369590679649264,0.0028785015310859308
318,0.010266599885653704,0.0029232122469693422
319,0.007204727045193846,0.004980980869731866
320,0.008839853490436715,0.005252689574263059
321,0.007270537898875774,0.003442850269493647
322,0.010325883174248571,0.003191467680153437
323,0.006665419192618823,0.002691208283067681
324,0.0078049313576359835,0.0029832376530976035
325,0.010288234184762195,0.0038669405912514776
326,0.008712738627634409,0.003459220053628087
327,0.009612109129583197,0.00338159482635092
328,0.009166120788514878,0.003673066879855469
329,0.008827257572972614,0.0034960718621732667
330,0.005631034204270691,0.0028340364588075317
331,0.01334919943474233,0.003414081846131012
332,0.012403488358748811,0.003043724878807552
333,0.010978534618126494,0.00383170745044481
334,0.009405392163898796,0.0031139415950747207
335,0.010271497045843197,0.0025831753373495303
336,0.0101851812048283,0.0029885565309086815
337,0.0077123157181111825,0.0026110566686838865
338,0.008446033179227794,0.0027756206472986378
339,0.009083649351461125,0.0038669449859298766
340,0.009457790176384151,0.00344067053811159
341,0.0075981569784094715,0.003139147076581139
342,0.0111138658415127,0.002931437898951117
343,0.008625847574356678,0.003305896170786582
344,0.006252026123027982,0.0028731844358844683
345,0.00629970253794454,0.0030656433882541023
346,0.008959771474889877,0.003394793297047727
347,0.008733010717800686,0.003150086646201089
348,0.010688220192345657,0.0025618928266339935
349,0.007337407508332814,0.0029450735019054264
350,0.008615929616748222,0.0032262694439850748
351,0.007466290981808144,0.003331005238578655
352,0.009190196479071995,0.0029541679032263346
353,0.014239923629377569,0.002764399308944121
354,0.009322913168164502,0.003113113372819498
355,0.009612216148525475,0.0034898055746452883
356,0.007698213556847933,0.003508878595312126
357,0.008380115339865109,0.0030436991510214284
358,0.007378107909711875,0.00317391159478575
359,0.008909261789605286,0.004767404185258783
360,0.00923281133457619,0.0047883368388284
361,0.009041535322986809,0.002896535712352488
362,0.00729030607284845,0.0029485798368114047
363,0.007678105695439235,0.0027523087192093953
364,0.007029696292842605,0.0036248696997063234
365,0.009459621206458125,0.003857537580188364
366,0.009471224670830582,0.0032473431929247454
367,0.00994083362248992,0.0028250107934582047
368,0.008278598239745147,0.0030304408282972872
369,0.006448846393530922,0.003069568920182064
370,0.006472434844389291,0.0024419163673883304
371,0.009625215366083595,0.0038007339753676206
372,0.008715811060808067,0.003071389888646081
373,0.006360894567998391,0.0030244968438637443
374,0.007882273764282997,0.0035431153810350224
375,0.008347622888062945,0.002756239067821298
376,0.009554638427549174,0.004504970085690729
377,0.009090515252734934,0.0030360508390003815
378,0.0066887418381936315,0.0036864148860331625
379,0.009257785077872019,0.004111599831958301
380,0.008115502132568508,0.0037858875730307773
381,0.009849781677725591,0.004649394119041972
382,0.007144333748978429,0.007221162028145045
383,0.01250134707827653,0.004058738093590364
384,0.006852597438929868,0.002550156190409325
385,0.008773451488065931,0.002749475883319974
386,0.006912348018626549,0.0031394128600368276
387,0.008941084894883846,0.0028219747764524072
388,0.009641879762057215,0.0032346480584237725
389,0.008394497014316065,0.002812073566019535
390,0.00912192408993308,0.002802084774884861
391,0.01113825778676463,0.006816996639827266
392,0.008867652587858694,0.004038003564346582
393,0.010548278872322823,0.004387230408610776
394,0.008725767738984098,0.0032359357210225426
395,0.011955258511339446,0.006186815648106858
396,0.008416326292457857,0.004099710931768641
397,0.008845022451298843,0.003144053102005273
398,0.008120853853012835,0.0030723299860255793
399,0.009214186309171575,0.002909887509304099
400,0.0071549578985598454,0.002811886486597359
401,0.007361414455642392,0.0026648535786080174
402,0.009582100851860429,0.002811590187775437
403,0.009426436320479428,0.006799152179155499
404,0.010171938571147619,0.005131268218974583
405,0.014432955283804661,0.007299583783606067
406,0.019599060694287927,0.007825502747436985
407,0.012201176923034447,0.0030944727186579257
408,0.008283274888526648,0.0037947535602143034
409,0.007006232659997684,0.004015144353616051
410,0.009700355485879948,0.006556757347425446
411,0.010398788780938566,0.0037986756360623986
412,0.0063138628528187305,0.002770184713881463
413,0.008907638777080657,0.0025531384089845233
414,0.006984406683061804,0.0032831755961524323
415,0.00592204468557611,0.002520990827179048
416,0.00895841173561556,0.002662046259501949
417,0.01023960646957026,0.0027990469679934904
418,0.006499765174729484,0.0036524777970043942
419,0.008182336227037013,0.0038294375262921676
420,0.008236891822889445,0.0028288704706938006
421,0.007435924939012952,0.0030507105111610144
422,0.0111614697962068,0.0031881379545666277
423,0.008472785025203069,0.0027556313943932764
424,0.008738609987111496,0.0029710610397160053
425,0.008179008087608963,0.0031114670127863064
426,0.007228164210183812,0.0026951922263833694
427,0.0074619681441358155,0.003118865191936493
428,0.008143836175025041,0.0029055555496597663
429,0.0064329628034361765,0.002500351532944478
430,0.006636199998735849,0.00315171958936844
431,0.007172759264774087,0.0026327410159865394
432,0.00646595739194059,0.003525759602780454
433,0.009256302112979547,0.002954291630885564
434,0.007611330315869834,0.0033484200976090506
435,0.00770901251858699,0.0045776331826345995
436,0.00779011073921408,0.0030168058146955445
437,0.00898578091956941,0.002825235394993797
438,0.006147173873614519,0.0027001413982361555
439,0.0067512039261470955,0.0031658390362281352
440,0.008618909370852633,0.0029778475436614826
441,0.006829085439676419,0.002927731169620529
442,0.008997181663289666,0.005790162511402741
443,0.009315863126955395,0.005657431916915812
444,0.008945250854594633,0.005879144300706685
445,0.007961459141889853,0.0040863575268303975
446,0.006855456557657037,0.0030453768267761916
447,0.006839071101109895,0.003045079531148076
448,0.007287392991461924,0.0036612539406633005
449,0.006628362653178296,0.0037222136597847566
450,0.009554594489080566,0.004398651246447116
451,0.007286081190354058,0.0029619582783197984
452,0.005631400729596081,0.0030917565018171445
453,0.010999617457855493,0.0024633051434648223
454,0.007821620999103678,0.0025706037267809734
455,0.005772336785282407,0.0030169686360750347
456,0.0065357448100777605,0.0029008082201471552
457,0.009898196556605397,0.004695023410022259
458,0.007976455364509352,0.0033558035938767716
459,0.010623260505131578,0.0030298466881504282
460,0.012297685158305932,0.003263925915234722
461,0.00783052941135663,0.002900202773162164
462,0.005723262704642755,0.0024882343132048845
463,0.00900252441975421,0.0028315298186498694
464,0.008529290099561746,0.00416128893266432
465,0.006167496080576841,0.002816759777488187
466,0.009223211926707464,0.0024845314692356624
467,0.008638224148723696,0.002553566351707559
468,0.00639541821354734,0.0026739578315755352
469,0.008351412668292011,0.002876286169339437
470,0.006871103342356426,0.0026236524354317226
471,0.009145107203429297,0.0028858327932539396
472,0.006099612177682243,0.0031472117989324033
473,0.009474444822574564,0.003462254084297456
474,0.00776948152010196,0.0024807283625705168
475,0.00699118069522748,0.0026261321108904667
476,0.00615226598789117,0.0026482090179342777
477,0.006516514096542128,0.0024233232034021057
478,0.007905557319255812,0.0027050915159634314
479,0.006083821520275835,0.003149233481963165
480,0.010256342057670865,0.002581228967756033
481,0.007270065269299915,0.002613619617477525
482,0.00721217502723448,0.0027285169780952856
483,0.00583323451324499,0.00277733330585761
484,0.007600469348419989,0.00261085281817941
485,0.006442540034186094,0.002805692878609989
486,0.008438047695173215,0.004022940978757106
487,0.007444781937270558,0.003540843157679774
488,0.007571642237183239,0.002725932630710304
489,0.00833310085415308,0.0030338790675159544
490,0.008273831086366304,0.0037065111100673676
491,0.007803878218900146,0.0038029510906198993
492,0.008476220004792723,0.002844191862095613
493,0.010367416593778347,0.003001408011186868
494,0.005957636321129808,0.002554955855885055
495,0.006317248177115938,0.0032134018692886457
496,0.007843196130124852,0.0031993400625651702
497,0.006082464400346256,0.0026406941396999173
498,0.008635850598303867,0.003878318748320453
499,0.007563846327164875,0.005265082712867297
500,0.008669768060956682,0.0032697843853384256
501,0.0088859711083517,0.005184972324059345
502,0.009708651807159184,0.003606614744057879
503,0.009999265861032263,0.0030622006597695872
504,0.007428434610899004,0.0030795749771641567
505,0.009626246843254194,0.003035735382582061
506,0.0069095207020706895,0.002478421818523202
507,0.007744152764124528,0.002931318602350075
508,0.008771302278286645,0.002875429971027188
509,0.00908826561395212,0.004560225148452446
510,0.01074303618016919,0.0027923205634579062
511,0.008923631880731722,0.0038161944976309314
512,0.006790309420986368,0.002799888032313902
513,0.010688947625957162,0.004054945238749497
514,0.01217986161853852,0.007075929926941171
515,0.009671288276357309,0.003066640900215134
516,0.007544928637798875,0.0027993834009976126
517,0.008345913208488907,0.0029160153644625098
518,0.008161512003945453,0.005694241786841303
519,0.008812184445559978,0.009448008378967643
520,0.010877535728338572,0.007779475359711796
521,0.009523663337209392,0.002895987570809666
522,0.013268023163878491,0.003621071809902787
523,0.007061087659427098,0.0029979578539496288
524,0.009227111819200218,0.002735232948907651
525,0.008295437553897498,0.0032201784779317677
526,0.009147089872775332,0.0032026396656874567
527,0.010460767429322004,0.003906341604306363
528,0.01195239269041589,0.005452322118799202
529,0.010718838448935586,0.004202751719276421
530,0.014627768400324773,0.003276079864008352
531,0.007888442495771286,0.0030148053920129314
532,0.0063934810792229,0.0032611489586997777
533,0.007467744240005101,0.0031104806112125516
534,0.010001302651029878,0.006193925000843592
535,0.010462242710803236,0.005575084636802785
536,0.009604921946967285,0.0035978077648906037
537,0.012083067117990657,0.0032456675253342837
538,0.009537888491260154,0.0028204977134009823
539,0.0071156160057788435,0.003079004876781255
540,0.0061992259912325865,0.003157474013278261
541,0.007330204651225357,0.003990809025708586
542,0.010313045736568582,0.004313617318985052
543,0.009877713463668312,0.004092342991498299
544,0.010358528708041246,0.0038622845750069246
545,0.007136099581007979,0.002526088028389495
546,0.007697245904377529,0.00264470893307589
547,0.0060532252038163785,0.0030157845612848178
548,0.00911728767511834,0.0027841335395351052
549,0.006995730700769595,0.0023683932740823366
550,0.007409483335712658,0.004325458125094883
551,0.005582915537940737,0.004343660897575319
552,0.0074444270493196595,0.003414110848098062
553,0.007940908565485318,0.0038376198353944346
554,0.006133001888104316,0.003291455839644186
555,0.00669233880970361,0.0031241639371728525
556,0.009000373047976089,0.003368505866092164
557,0.010032833936358135,0.0070556784921791404
558,0.009585283430559295,0.003644936005002819
559,0.009068312726282913,0.004668660651077516
560,0.008804068825806357,0.0038073043833719566
561,0.010146946583907785,0.003925538083421998
562,0.009221063901869846,0.003595579633838497
563,0.01135098491795361,0.0037897551083005965
564,0.008632316769632909,0.0031747573957545683
565,0.008429848672156888,0.002849544500350021
566,0.006902852353440332,0.004120686717214994
567,0.01064877612848899,0.0045358174975262955
568,0.007880593492050787,0.0030757160275243223
569,0.010627703562412143,0.0030092431843513623
570,0.009048375999554992,0.003102207774645649
571,0.007786861271597444,0.0030017991812201217
572,0.011920572445628098,0.0030515805119648576
573,0.006385571410646662,0.0029553105705417693
574,0.008462580357445404,0.0034072381240548566
575,0.007167586233533387,0.0027781196404248476
576,0.006222687408028703,0.0029611513600684702
577,0.007991820848214306,0.0029152581992093474
578,0.009103343689015933,0.0024768699731794186
579,0.007658251478070659,0.0027336007697158493
580,0.010467693247067342,0.0031280669063562527
581,0.0075991654801847676,0.0029308807279448956
582,0.008724108675128914,0.002500596849131398
583,0.007601609661443424,0.0027350327145541087
584,0.007509776476321609,0.0024178084422601387
585,0.007332777063961008,0.002633232048538048
586,0.008517199100294548,0.0027490060456329957
587,0.011161685559532737,0.0025770469728740864
588,0.0057676242597933325,0.002584372676210478
589,0.006867984700615385,0.0024934100583777763
590,0.008580412058758416,0.003875259149936028
591,0.009623053234203587,0.002493970110663213
592,0.012753257053970759,0.00336064760631416
593,0.007354526069580709,0.002818674525769893
594,0.008086539655258611,0.003602212425903417
595,0.00728798414846616,0.003961768597946502
596,0.010991872903624815,0.004440036980668083
597,0.006238410482183098,0.003469116272754036
598,0.010090363494652723,0.0057882410765159875
599,0.007648281262455773,0.0033405603462597355
600,0.006355278979754075,0.002689663349883631
601,0.007520357521051275,0.002824489158228971
602,0.008361415288943264,0.0028896430230815895
603,0.009975233318982646,0.0029497108116629533
604,0.006605222022959164,0.003998135594883934
605,0.01105458612021591,0.00497674812504556
606,0.009014626582419232,0.003360943228472024
607,0.006511798145116438,0.003958154236897826
608,0.007629230227654001,0.002636259188875556
609,0.006380488081569117,0.0028614139300771058
610,0.006238872023199551,0.004682107610278763
611,0.008625514306394116,0.0028281180711928755
612,0.009032284541587743,0.0023793402579030953
613,0.00925170172870691,0.0031759261182742193
614,0.010105528211819807,0.003692411191877909
615,0.00881998798078192,0.005203112043091096
616,0.009067373354420332,0.0035338303569005802
617,0.010441854837284024,0.002769647500826977
618,0.0071610109547951386,0.002627946923894342
619,0.006419622979592531,0.0028913841597386636
620,0.009822595020523293,0.003255359857575968
621,0.009435435632310274,0.005574095950578339
622,0.011366325081326067,0.003752531556528993
623,0.009535504155792296,0.00425586526398547
624,0.007202400331152603,0.002798876608721912
625,0.010517641303262538,0.003398916742298752
626,0.007038032494684948,0.0027077052582171746
627,0.008273205524476777,0.004188799954135902
628,0.010731319381323243,0.005057452115579508
629,0.007489014716286743,0.0032871430448722094
630,0.008198086621372827,0.0027426686210674234
631,0.007465862885250577,0.004558310596621595
632,0.009071697140045996,0.0027590308454819024
633,0.008490578200767882,0.003000005250214599
634,0.009956781885453632,0.003376631037099287
635,0.00619114760775119,0.0027283578092465177
636,0.008193954293216977,0.0025139652207144536
637,0.007749075494107922,0.0025850121019175276
638,0.011134139611385764,0.00594765241839923
639,0.011727586006080466,0.008064419555012137
640,0.01114513083926535,0.006055065940017812
641,0.007629682027202632,0.0057485234283376485
642,0.007285343059006013,0.0028622592508327216
643,0.011902080416413292,0.004755708068842068
644,0.008857632721109048,0.0028888202577945776
645,0.010530563728285154,0.00527821593277622
646,0.010043804350841259,0.003546112435287796
647,0.014629870303906502,0.0054019259550841525
648,0.009634537027782891,0.005896633432712406
649,0.008052860386669634,0.004533974279183894
650,0.007353961201650755,0.00355797988595441
651,0.007328361480696393,0.002973537499201484
652,0.005870190415797488,0.0024891460561775602
653,0.007915347153487216,0.0027814293061965145
654,0.007009057693981698,0.0030970680600148626
655,0.009378016194594756,0.002528587734559551
656,0.009686930446020727,0.0032370907574659213
657,0.006648942532982411,0.0027976544588455
658,0.013953920719879014,0.0042357272177468985
659,0.008712200381393944,0.0024764757908997126
660,0.0075020151977826435,0.0036164619523333386
661,0.010223181186509982,0.0053165464487392455
662,0.010564046155195682,0.0035068479628534988
663,0.006543832656461745,0.0027744715625885874
664,0.01045742498744013,0.0033149054215755314
665,0.007213715933695701,0.0032633858791086823
666,0.006477950390295258,0.003467301299679093
667,0.008165887823062285,0.0028492209530668333
668,0.01090579022586878,0.0037983304064255208
669,0.006575075502041727,0.0031306322780437768
670,0.007997438947703422,0.0025569322606315836
671,0.007010201366418706,0.0023545773146906868
672,0.009514270342021647,0.002719856238400098
673,0.006377933114500983,0.0025388628637301736
674,0.0059132738304989675,0.002621012303279713
675,0.0064131560752035245,0.002556911436840892
676,0.007139535512708659,0.0028540807907120325
677,0.005662172899714537,0.002617756530526094
678,0.006915336982014455,0.0027671431889757514
679,0.005515384404653948,0.0025675893120933324
680,0.005888657311775854,0.002411212735751178
681,0.010601026534069595,0.0033684063964756206
682,0.008264927430510787,0.0026823968073586
683,0.007242912310175597,0.002664496780198533
684,0.008311611267604997,0.0026313838607165962
685,0.00753803683411596,0.002396440875600092
686,0.012672989238386174,0.00548891544167418
687,0.008470870546131794,0.003956063956138678
688,0.0063065222015471325,0.002661762402567547
689,0.009061857995610418,0.003167359114740975
690,0.009310957771958783,0.0032792647689348087
691,0.007019862075269755,0.002788637313642539
692,0.006394932387463217,0.002673172544746194
693,0.006185366805376751,0.002988925902172923
694,0.014801216823148675,0.0030637346353614703
695,0.006577558773902378,0.0026161645946558565
696,0.008126376782976355,0.0033642787457210943
697,0.010434299416374415,0.0026961100738844834
698,0.01649771611638633,0.003536390111548826
699,0.008438784945090967,0.0050533216272015125
700,0.00908259884870079,0.00543090290739201
701,0.01085494743061385,0.005291864028549753
702,0.008210997479701679,0.003198980281013064
703,0.006725311574492869,0.002927786044892855
704,0.009262596265346344,0.0028551741561386734
705,0.011285768489220313,0.0036557773273671046
706,0.00922802649022612,0.006198969960678369
707,0.008531010776226011,0.0031222727411659434
708,0.006321285285853914,0.0027766411512857303
709,0.006587043545940624,0.002882465247239452
710,0.00637918884084294,0.0026983807401848026
711,0.008276600906226252,0.003091995429713279
712,0.008555697443495902,0.00637286898563616
713,0.007969460300435976,0.0034382838930469006
714,0.007639389510066913,0.002874916317523457
715,0.009209999964306397,0.0026931748507195152
716,0.007992745443646396,0.0027750973677029833
717,0.007608916893202279,0.003118060587439686
718,0.0077257448657681894,0.003291670451289974
719,0.008154394121707549,0.002651657683600206
720,0.007163045370751725,0.00244215226121014
721,0.010450340412457342,0.0033859822287922725
722,0.007924836378411522,0.0026762152338051237
723,0.008290810227793243,0.002710480272071436
724,0.011913879296376504,0.004828808669117279
725,0.0077562456218791855,0.003185718596796505
726,0.0069134449503118435,0.0028673960841842927
727,0.012737068264479083,0.003505876084091142
728,0.009988960785059522,0.002546954208810348
729,0.008295096906035073,0.004005839437013492
730,0.006303395855606399,0.0026860044163186103
731,0.009591529470136655,0.0030128211074043065
732,0.008175694188269387,0.002949446461570915
733,0.007624640166925797,0.0024487348055117764
734,0.00834491372474336,0.0024978997389553115
735,0.007247098276690979,0.0023242886454681866
736,0.007880234093006167,0.002607627677207347
737,0.005368615226221403,0.0031325531454058364
738,0.011231281769661499,0.003320844130939804
739,0.007696724779504749,0.002889961477194447
740,0.0072422681800422386,0.0026187853873125277
741,0.005172316404891067,0.0026195091486442834
742,0.00649450091545337,0.0024612712368252687
743,0.00579766121726217,0.003618247515987605
744,0.006828305486124008,0.002435582864563912
745,0.006588252386011715,0.00275778048671782
746,0.006911175063578412,0.0028636192582780495
747,0.007771474280161783,0.002290138516400475
748,0.006140479177702217,0.002388572072959505
749,0.008626375372322009,0.0025674683347460814
750,0.009792382795629757,0.00337388641491998
751,0.006931281922983803,0.002836002269759774
752,0.006993457629245572,0.0027411297342041507
753,0.0053666368891884175,0.002402074263955001
754,0.007742854737443849,0.0026075048081111163
755,0.007873578703895743,0.002711256172915455
756,0.007074615190504119,0.0028047030718880706
757,0.007589072097159389,0.0029028412100160494
758,0.008419024059548974,0.002881854379666038
759,0.006216801856810759,0.0025246110672014765
760,0.007037174813116766,0.0026091266263392754
761,0.0065320694037447015,0.0026053305773530155
762,0.006668399470592184,0.002549607801483944
763,0.0049461783242544955,0.00267372091911966
764,0.00670754537817889,0.002468218306603376
765,0.006583257615732562,0.002427370323857758
766,0.0072088956782993445,0.002618173515656963
767,0.005831307906191795,0.0026116887893294916
768,0.008003382494540086,0.00258745167957386
769,0.008954183597649846,0.0026960783870890737
770,0.007355930853269196,0.002637994934048038
771,0.0062183576935370055,0.002596811536932364
772,0.006111867164560992,0.0029451576847350225
773,0.006692540075164287,0.0026031971065094694
774,0.0075861358366507495,0.002816064501530491
775,0.010300464711950293,0.002865935952286236
776,0.0071360403339245475,0.0027764830520027317
777,0.006939402872896088,0.0026737752414192073
778,0.00825770531914064,0.00353229911706876
779,0.006869223920927782,0.002780688606435433
780,0.004934455372027254,0.002432295717881061
781,0.005299960346227245,0.0025921315464074723
782,0.007395642668208373,0.002735614682023879
783,0.007093870900072423,0.002420660479401704
784,0.00828267865082515,0.0026194924939773045
785,0.007964234408323785,0.0034924570500152186
786,0.006863980653828808,0.002714943155297078
787,0.011162340349983422,0.0026415097745484672
788,0.009002409418047004,0.003603084434871562
789,0.007914976852979243,0.002768114354694262
790,0.008711263845075985,0.002480501316313166
791,0.009672564920037985,0.0028137898625573143
792,0.0064637854395966435,0.0027284580428386107
793,0.006743549834936856,0.0026957873778883368
794,0.00689131543705506,0.0024633094726596028
795,0.007390415013235594,0.0028005343992845155
796,0.006692279417101027,0.002454281348036602
797,0.0066534084534006456,0.002565442213381175
798,0.010114377813546785,0.0026930615858873352
799,0.006281151103654078,0.00324699844350107
800,0.008043833492722894,0.0038945091946516186
801,0.006234240294101514,0.0029607925680465996
802,0.007305808373660382,0.003251180845836643
803,0.00950949525992785,0.004472245476790704
804,0.010308710933064243,0.00984352600062266
805,0.011047546369289713,0.004452624503755942
806,0.008110156553032408,0.0033950494398595765
807,0.008426502413515533,0.0036637259763665497
808,0.010270167142152788,0.00292764013283886
809,0.007126221449912658,0.002427673331112601
810,0.006975019363120997,0.002776435714622494
811,0.007429097687625991,0.003929349797545001
812,0.014361950851577732,0.002923416359408293
813,0.005694344797770361,0.0026712831895565614
814,0.00794374112904604,0.003744357993127778
815,0.011947501400884773,0.0038257509586401284
816,0.007331485793526683,0.005371738428948447
817,0.009958292357623575,0.014142453204840422
818,0.012440423156866538,0.006438363634515554
819,0.0134299340923982,0.0026548551322775893
820,0.008365410089027137,0.003196577978087589
821,0.008577266250670488,0.002475132503604982
822,0.006016303061707211,0.0025357182094012387
823,0.006015053110396755,0.002569583390140906
824,0.007479652679259224,0.0026178676562267356
825,0.008019122669273722,0.006140603945823386
826,0.009178268773082112,0.004773755397764035
827,0.011109890416264534,0.0032296141289407387
828,0.006877635144129661,0.004021946020657197
829,0.0076847568062865836,0.004162420649663545
830,0.007391945708410014,0.002672903377970215
831,0.0059677540973228,0.0025755268216016702
832,0.00769809868818681,0.0026961316252709366
833,0.006321430638698595,0.00356452347477898
834,0.0070714139313037905,0.003840989345917478
835,0.007425281090296006,0.0032796674786368385
836,0.005648422125627153,0.0025145572144538164
837,0.006937098256977542,0.0024672653671586886
838,0.00511825571136017,0.0026181415014434606
839,0.007475952351731914,0.0028757712498190813
840,0.00739614589422542,0.002520312315027695
841,0.006643301807343958,0.0026317698502680287
842,0.007738039038875806,0.002504533425963018
843,0.008091747660988143,0.0028562508086906746
844,0.006953536990165178,0.002938417048426345
845,0.007260086414005075,0.003613324763136916
846,0.006691186298017524,0.0029911607271060348
847,0.007361491780362226,0.0027780250238720328
848,0.006691643319624875,0.0024879130141926
849,0.0057840134915230525,0.0027222680873819627
850,0.005642370171179729,0.0028560255086631514
851,0.005447188658373697,0.002459512877976522
852,0.005533047623300393,0.00311266073549632
853,0.0073372685666462135,0.0026647437261999585
854,0.005760136060416698,0.003208253823686391
855,0.007080457809414447,0.0026093279011547565
856,0.007864411504540059,0.0027145815765834413
857,0.005911124225739122,0.002620592698804103
858,0.008416100238849008,0.0028411553794285282
859,0.007577297128071742,0.0025017187872435898
860,0.005440269089636525,0.0025355697071063332
861,0.006590370421430893,0.0025905290385708213
862,0.008691758304069349,0.0027226368110859767
863,0.009514082056869353,0.003197617843397893
864,0.008559618186804332,0.002695398907235358
865,0.007305194507353007,0.004153101544943638
866,0.010610671032087078,0.0032385493541369215
867,0.008303772412805952,0.002880823114537634
868,0.009747099384964843,0.0033696981554385275
869,0.012095851391287788,0.0031894063140498474
870,0.011582429919924054,0.002889170529670082
871,0.00883393530135176,0.0031518824252998456
872,0.006650020883950804,0.00303539537708275
873,0.008341183520055242,0.004266099436790682
874,0.009297771845012901,0.0038363100320566446
875,0.007478802868198336,0.0028209749070811085
876,0.010571680738524132,0.0029594111838378012
877,0.006748561988518174,0.0028110940620535985
878,0.006097572078163335,0.00327218729944434
879,0.010836669164876054,0.002639448743138928
880,0.01001395920840358,0.0026000746147474274
881,0.0071613041883600605,0.002954678056994453
882,0.009063828773962865,0.002817317006702069
883,0.009743137829770732,0.0026085018980666064
884,0.007229640655818261,0.0026216263649985194
885,0.008640144876803138,0.0037812980444869027
886,0.008678697714848176,0.0027930591968470253
887,0.007515044924470463,0.0033970974618569016
888,0.00841568417880418,0.002735828958975617
889,0.008130981624292741,0.0027537389323697425
890,0.00664830078104777,0.004509305086685345
891,0.011075355299648695,0.002432207613310311
892,0.00935738773218223,0.003129158867523074
893,0.010948263528657012,0.007562459271866828
894,0.012282177140670161,0.003273937225458212
895,0.00640209564673049,0.0030174850253388286
896,0.007188899384345858,0.0026891891538980417
897,0.00608632933913863,0.0030980642259237356
898,0.006020603955091376,0.0035278374853078276
899,0.010556831506879203,0.002755582689133007
900,0.009145618769772617,0.0039676211308687925
901,0.005693401542625256,0.002792353516269941
902,0.010104517003388278,0.0031321152127929963
903,0.010717198161208735,0.0053234364168019965
904,0.007198034403180438,0.004089693597052246
905,0.00870740463558052,0.0028463579510571435
906,0.01077820676644998,0.0028827581481891684
907,0.007055537147347682,0.00334737534285523
908,0.005284310867344694,0.003004369886184577
909,0.006413981052381652,0.002333576834644191
910,0.007385197777434119,0.002373872142925393
911,0.009720259117394952,0.0024648738690302707
912,0.007881925981824418,0.0025533586958772503
913,0.01180300476179192,0.0031384959365823306
914,0.009702857039103816,0.003241610698751174
915,0.007560739002656191,0.0035132362972944975
916,0.007711405870005754,0.0029453230963554233
917,0.01155195023082862,0.004067504778504372
918,0.006697831775194832,0.0036442671407712623
919,0.012803855867657279,0.002596726182673592
920,0.00786029894204278,0.003383828283404
921,0.007209125714975275,0.0025729900153237395
922,0.008912018782991384,0.0032803351059556007
923,0.0061876896402931645,0.0027247653270023875
924,0.007142439551119292,0.0027081586595159024
925,0.006025335984304548,0.0025965901077142917
926,0.007573603220017893,0.003012050743564032
927,0.005590096016281418,0.002599828156235162
928,0.005769166080946368,0.0028846947388956323
929,0.005104706693340891,0.0024710683137527667
930,0.008782824621968237,0.003700218556332402
931,0.007177151548343578,0.004625839501386508
932,0.007901097581322703,0.0024620876429253258
933,0.006554779122650089,0.0029176480893511325
934,0.009435303717119885,0.0026349638719693758
935,0.009028463329221786,0.00241913425270468
936,0.007610195108489797,0.0050403217755956575
937,0.010554538291346815,0.0037101120251463726
938,0.0074981602374464265,0.0026649485880625434
939,0.0067815659068790925,0.0029389563569566235
940,0.007411826110910623,0.0027148448425577953
941,0.005943043190719825,0.0026202715962426737
942,0.008502691493569208,0.0026510850148042664
943,0.0074092927763038975,0.0028405592383933254
944,0.008138721351445253,0.003290239255875349
945,0.007484449971733348,0.002660241472767666
946,0.006417994611963097,0.004588950614561327
947,0.007882347937473761,0.002496288398106117
948,0.012572139310317912,0.0040006243652896956
949,0.006993775921208518,0.002619369864987675
950,0.008453171999592864,0.00273246607684996
951,0.007494989894829424,0.0029978081802255474
952,0.007568573866072775,0.004229585611028597
953,0.006858860861809392,0.0027055080281570554
954,0.006340371532132849,0.00258134108298691
955,0.007051962328010371,0.002635389369970653
956,0.007814215512813201,0.002933479452622123
957,0.00646789778589404,0.002614275239466224
958,0.007408615060350191,0.002544853494327981
959,0.0057212294819432175,0.004558398897643201
960,0.008081409498117862,0.002578312072728295
961,0.006163208051085738,0.0035486761189531535
962,0.0074584104503238845,0.002765108583844267
963,0.008231098618125543,0.002966883621411398
964,0.010177521920663169,0.0024866123058018275
965,0.008280734569000614,0.0029618410917464644
966,0.005808634009944008,0.0028730114427162334
967,0.008369432146927076,0.002645608619786799
968,0.008227065313673978,0.0033100438013207167
969,0.006633448389558387,0.0027752914538723417
970,0.007200748634724211,0.0026477725041331723
971,0.008894767612218855,0.0040304748981725425
972,0.009444551442616751,0.004166274637100287
973,0.00871640896990097,0.0032985467260004953
974,0.008227054936079574,0.002661715290741995
975,0.00723672827838787,0.006385297077940777
976,0.008840773529040495,0.006324820598820224
977,0.009769400398779127,0.0032472224993398413
978,0.008313021265036826,0.0031851802195888013
979,0.008191954070103487,0.0030035988966119476
980,0.005484832567162811,0.0025396001437911764
981,0.008619812749592322,0.0034043167397612706
982,0.0069961367116775355,0.0026659433351596817
983,0.007052246905264577,0.0023722324185655452
984,0.0066236052828441755,0.0032570462572039105
985,0.006735993657327655,0.0028386699486873113
986,0.009848385126263435,0.00291389727499336
987,0.005248026980552822,0.0025017814259626903
988,0.007647777579092819,0.0025713813156471588
989,0.007556270708196929,0.0023122525090002455
990,0.007000631054065057,0.003935481145163067
991,0.00603920703620783,0.0025461243494646624
992,0.006672276321166594,0.002819614834152162
993,0.00862218635821981,0.0026148001343244687
994,0.0074592402504224855,0.0032834564335644245
995,0.007151528348913415,0.00314388467813842
996,0.007361842651984521,0.004319972620578483
997,0.0067178676503577405,0.0044125844578957185
998,0.007078887237834611,0.005761956170317717
999,0.010153440725324408,0.003272668574936688
1000,0.010581228990174297,0.002608352522656787
